category_id,product_name,product_price,product_img_url
1,새벽  HACCP인증 맥반석 구운계란 30+30구 (대란),16600,http://gdimg.gmarket.co.kr/2402466004/still/600?ver=1649983654
1,(전단상품)신선특란30입,5600,http://gdimg.gmarket.co.kr/2375847696/still/600?ver=1650053039
1,[바라던]샤브샤브 불고기용 소고기 200g 3팩/ 미국 CAB 척롤,13100,http://gdimg.gmarket.co.kr/2386624998/still/600?ver=1648168797
1,모던푸드 국내산 닭목살 /쫄깃 특수부위 냉동 1kg 2봉,24100,http://gdimg.gmarket.co.kr/2394519386/still/600?ver=1649663030
1,[Gfresh]이색 돼지고기 목마호크 600gX2팩(목살+부채살),19900,http://gdimg.gmarket.co.kr/2371482312/still/600?ver=1649316566
1,[바라던]냉장 소고기 3종 650g D타입(소등심.부채.치마),24900,http://gdimg.gmarket.co.kr/470792884/still/600?ver=1649817235
1,농장직영 무항생제 친환경 계란 30+30구(100%파손보상),19900,http://gdimg.gmarket.co.kr/2231358426/still/600?ver=1649662983
1,[고기천국](고기천국) 갈매기살  400g+400g,10700,http://gdimg.gmarket.co.kr/1521946212/still/600?ver=1648179762
1,[에그트리]특란 60구 HACCP농가 당일산란 농장직송 달걀 생계란,17900,http://gdimg.gmarket.co.kr/2222578642/still/600?ver=1649136500
1,[바라던]고소한 풍미 작렬 우삼겹살 200g 3팩,17900,http://gdimg.gmarket.co.kr/1721676627/still/600?ver=1636355069
1,국내산 돈전지 불고기용 1kg 1등급이상 최대 15%쿠폰,15900,http://gdimg.gmarket.co.kr/2085250597/still/600?ver=1645749631
1,[늘바른]프리미엄 진 꽃갈비살 200g5팩+와사비/2세트구매소다짐,33900,http://gdimg.gmarket.co.kr/2357723658/still/600?ver=1645749843
1,[바라던]상위3% 프라임등급 구이용 척아이롤 200g 2팩,16900,http://gdimg.gmarket.co.kr/2064435632/still/600?ver=1649662939
1,가야촌 한돈 돈연골(오돌뼈) 500g+500g,9900,http://gdimg.gmarket.co.kr/2260438098/still/600?ver=1649817353
1,청정우 차돌박이 (3초구이 샤브용) 250gX4팩,22900,http://gdimg.gmarket.co.kr/1990389220/still/600?ver=1649824168
1,(전단상품)1등급_대란30구,6990,http://gdimg.gmarket.co.kr/1247686575/still/600?ver=1650054739
1,행복생생란(대란  30입) (1.56KG),6300,http://gdimg.gmarket.co.kr/2153677310/still/600?ver=1650102062
1,(행사상품)일품포크돼지앞다리100 g,900,http://gdimg.gmarket.co.kr/2136501698/still/600?ver=1650100199
1,[Gfresh](누리푸드)한번도 얼리지않은 척아이롤 250gX2팩,18900,http://gdimg.gmarket.co.kr/2130692771/still/600?ver=1647565510
1,감동란 반숙계란 30구,19900,http://gdimg.gmarket.co.kr/2001786643/still/600?ver=1649730116
1,차돌박이 호주청정우 250gx3팩 샤브/구이용/소포장,19900,http://gdimg.gmarket.co.kr/1879338835/still/600?ver=1646283871
1,행복생생란 (특란  30입) (1.8KG),6300,http://gdimg.gmarket.co.kr/2198020156/still/600?ver=1650100560
1,(전단상품)농협안심한우세절국거리 혼합 150g 팩 ,12560,http://gdimg.gmarket.co.kr/701004566/still/600?ver=1650054222
1,[Gfresh](누리푸드)청정우 차돌박이 (3초구이 샤브용) 250gX4팩,24900,http://gdimg.gmarket.co.kr/2080076985/still/600?ver=1642236638
1,순수본가 소갈비살 200g X 4개+생와사비/ 미국 EXCEL,25900,http://gdimg.gmarket.co.kr/2057746755/still/600?ver=1649065737
1,닭안심살 1KG X 10개 (국내산100%)10kg,44800,http://gdimg.gmarket.co.kr/790568603/still/600?ver=1586246453
1,(전단상품)냉동뼈없는대패삼겹살 미국산 600g,6990,http://gdimg.gmarket.co.kr/2210658336/still/600?ver=1650086180
1,두메산골 냉동 생 닭가슴살 5kg (1kg  5팩),24500,http://gdimg.gmarket.co.kr/1906057745/still/600?ver=1602052771
1,오케이농장 신선 냉동 통삼겹살 2kg 비계적은 솔트증정,28500,http://gdimg.gmarket.co.kr/1967830176/still/600?ver=1648682620
1,1등급 한돈 삼겹살 구이 500g,12900,http://gdimg.gmarket.co.kr/1732933929/still/600?ver=1649759812
2,[풀무원]풀무원 사계절 아삭 포기김치 10kg,42900,http://gdimg.gmarket.co.kr/1976923568/still/600?ver=1649932872
2,HACCP인증/국내산 열무김치 2kg,15900,http://gdimg.gmarket.co.kr/1575067510/still/600?ver=1583732705
2,[종가집]종가집 외식용 총각김치 5kg+맛김치500g증정/본사직영,23900,http://gdimg.gmarket.co.kr/2012970303/still/600?ver=1649750290
2,[정직한밥상]명동칼국수 5인분세트 + 명동김치 2kg 쿠폰가 13520원,19900,http://gdimg.gmarket.co.kr/1703714883/still/600?ver=1621572312
2,[한상궁김치]100% 국산 열무김치 2kg 열무비빔밥 열무국수에 제격,14900,http://gdimg.gmarket.co.kr/1798111271/still/600?ver=1645143068
2,간장게장2kg+양념게장1kg 쿠폰가26900/단하루특가세트,29900,http://gdimg.gmarket.co.kr/2411644074/still/600?ver=1649993444
2,[비비고]총각김치 1.5kg,19900,http://gdimg.gmarket.co.kr/2251399685/still/600?ver=1634546914
2,[피코크(식품)]피코크 떡갈비 450g 6봉,32500,http://gdimg.gmarket.co.kr/2173012738/still/600?ver=1649906880
2,가정식 생포기김치10Kg 쿠폰가 28900원,31900,http://gdimg.gmarket.co.kr/173366583/still/600?ver=1628640210
2,[비비고]썰은배추김치 1.8kg,17770,http://gdimg.gmarket.co.kr/2355428613/still/600?ver=1649030699
2,자연온 배추김치10kg 직접생산/국산배추100%,27900,http://gdimg.gmarket.co.kr/2299895828/still/600?ver=1639373690
2,[종가집]종가집 우리땅 열무김치 5kg 무료배송 종갓집 김치,27900,http://gdimg.gmarket.co.kr/1747764494/still/600?ver=1581999695
2,[종가집]종가집 포기김치 5kg,33900,http://gdimg.gmarket.co.kr/2248622106/still/600?ver=1649894973
2,홍진경 더김치 포기김치 8kg,43070,http://gdimg.gmarket.co.kr/2130528999/still/600?ver=1650096203
2,[종가집]종가집  종가집 행복이온포기김치 10kg,56900,http://gdimg.gmarket.co.kr/1806362928/still/600?ver=1645578350
2,[비비고]열무김치 1.5kg,16920,http://gdimg.gmarket.co.kr/2363820695/still/600?ver=1645176743
2,[종가집]종가집 열무김치 2.5kg x 2개/본사직영,37510,http://gdimg.gmarket.co.kr/2012980473/still/600?ver=1619519066
2,국내산 밥도둑 완도전복장/문어장/게장/새우장 4종 택1,16500,http://gdimg.gmarket.co.kr/2408316188/still/600?ver=1649817686
2,[한상궁김치]100% 국산 겉절이 2kg 출고당일생산,13900,http://gdimg.gmarket.co.kr/1798110680/still/600?ver=1642983339
2,[비비고]포기배추김치 3.3kg,27970,http://gdimg.gmarket.co.kr/2251403412/still/600?ver=1645661229
2,[먹보야]빛 국산 겉절이 4kg 갓버무린/김치 15200원 쿠폰가 V,20900,http://gdimg.gmarket.co.kr/2031038112/still/600?ver=1632442508
2,[한상궁김치]국산 생 겉절이 2kg HACCP 김치 반찬,8910,http://gdimg.gmarket.co.kr/2066558508/still/600?ver=1649997909
2,(전단상품)홈플러스시그니처두부기획300gx2PB,3280,http://gdimg.gmarket.co.kr/1813220502/still/600?ver=1650003806
2,윤김치_ 포기김치10kg,29900,http://gdimg.gmarket.co.kr/1597372655/still/600?ver=1622771859
2,Simplus부드러운순두부400G_PB,1000,http://gdimg.gmarket.co.kr/1798785959/still/600?ver=1650032238
2,[먹보야]빛 국산 배추 겉절이 2KG+열무김치 2KG/김치 주말특가V,23900,http://gdimg.gmarket.co.kr/1943029577/still/600?ver=1625702390
2,[비비고]비비고 한입떡갈비 282g x2번들 (냉동) 3개,23680,http://gdimg.gmarket.co.kr/1945496759/still/600?ver=1614923092
2,[종가집]종가집 우리땅 포기김치 소백5kg,23500,http://gdimg.gmarket.co.kr/2036035094/still/600?ver=1637285666
2,빅마마 포기김치 11kg,48400,http://gdimg.gmarket.co.kr/2234981514/still/600?ver=1636526557
2,김나운 직화 떡갈비 명작 20팩(총 40장),38860,http://gdimg.gmarket.co.kr/2127807285/still/600?ver=1647921562
3,[스타벅스]스타벅스 네스프레소 호환 캡슐 9종/맛선택/총100캡슐,52900,http://gdimg.gmarket.co.kr/2010223690/still/600?ver=1624852699
3,[일리]일리 네스프레소 호환 캡슐 100캡슐 / 5가지맛,49900,http://gdimg.gmarket.co.kr/2263463386/still/600?ver=1646728556
3,[스타벅스]컵커피 스키니라떼 200mlX10컵X 러브 더블월 머그,25900,http://gdimg.gmarket.co.kr/2196781747/still/600?ver=1649739419
3,[할리스]할리스 바닐라 딜라이트 30T (30% 중복쿠폰),18200,http://gdimg.gmarket.co.kr/1826381355/still/600?ver=1639124246
3,[라인바싸]라인바싸 탄산수 500ml 2박스 ( 20입+20입 ),16900,http://gdimg.gmarket.co.kr/2205547915/still/600?ver=1649918176
3,[파스퇴르우유]파스퇴르 무항생제 바른목장우유 190mL 24입 X2 (48팩),33900,http://gdimg.gmarket.co.kr/1638941681/still/600?ver=1648511939
3,[티젠]티젠 콤부차 4가지맛 10스틱x4박스  + 보틀,24900,http://gdimg.gmarket.co.kr/2349748001/still/600?ver=1648689930
3,[파스퇴르]무항생제 바른목장 멸균우유 195ml/36팩,23900,http://gdimg.gmarket.co.kr/2258385439/still/600?ver=1645589944
3,[빅토리아(식품)]탄산수 플레인+청포도 500ml x 40개입 (20페트+20페트),18900,http://gdimg.gmarket.co.kr/2120010897/still/600?ver=1649895248
3,(행사상품)N 동서식품맥심모카골드믹스230T 2760G ,21510,http://gdimg.gmarket.co.kr/1273999192/still/600?ver=1650100717
3,[웅진]빅토리아 탄산음료 청포도향 500ml x 40개입,18900,http://gdimg.gmarket.co.kr/1567157732/still/600?ver=1637548687
3,[롯데칠성]펩시 라임 제로슈거 355ml x 48개,31850,http://gdimg.gmarket.co.kr/2412897052/still/600?ver=1650013910
3,[코카콜라](본사직영) 코카콜라 라벨프리370ml PET 24입+쟁반증정,26900,http://gdimg.gmarket.co.kr/2276219380/still/600?ver=1649399664
3,[맥심]맥심 모카골드 커피믹스 400T +머그2P: 42900원 쿠폰가,46900,http://gdimg.gmarket.co.kr/1101182286/still/600?ver=1649634643
3,[맥심]-모카골드 커피믹스 360T,37990,http://gdimg.gmarket.co.kr/2136018248/still/600?ver=1647576576
3,[일리]일리  커피 머신 전용 100 봉지 캡슐,61500,http://gdimg.gmarket.co.kr/2364082523/still/600?ver=1645194503
3,[웅진]빅토리아  플레인 500ml x 40개입,18900,http://gdimg.gmarket.co.kr/1567156109/still/600?ver=1637548825
3,[빅토리아(식품)]빅토리아 레몬 500ml x 40개입,18900,http://gdimg.gmarket.co.kr/1567156924/still/600?ver=1637548754
3,[소화가잘되는우유]소화가잘되는 멸균우유 190ml 48팩 /우유/매일,32500,http://gdimg.gmarket.co.kr/1116154875/still/600?ver=1630909172
3,[아카페라]아카페라 심플리 아메리카노 400mlx20펫,19500,http://gdimg.gmarket.co.kr/1856418067/still/600?ver=1646708968
3,[스파클][스파클 무라벨] 스파클 생수 500ml 100병,20540,http://gdimg.gmarket.co.kr/921862067/still/600?ver=1650058731
3,[코카콜라]코카콜라 190ml x 60CAN,29900,http://gdimg.gmarket.co.kr/1784246790/still/600?ver=1646706853
3,[돌]DOLE 돌후룻팝40팩(피치+애플+오렌지+망고+파인),16650,http://gdimg.gmarket.co.kr/2044981827/still/600?ver=1650091396
3,[빅토리아(식품)]탄산수 플레인 + 레몬 500ml x 40개입 (20페트+20페트),18900,http://gdimg.gmarket.co.kr/1860289625/still/600?ver=1627601102
3,[서울우유]멸균우유 1000ml x 10입 (1박스),19450,http://gdimg.gmarket.co.kr/1920684660/still/600?ver=1646612324
3,[맥심]모카골드 커피믹스 180T+180T: 38900원 쿠폰가~,42900,http://gdimg.gmarket.co.kr/1920642031/still/600?ver=1641341640
3,[연세우유]연세 뼈를생각한 고칼슘두유검은콩/호두아몬드72팩,22900,http://gdimg.gmarket.co.kr/1921978234/still/600?ver=1648741777
3,[파스퇴르]100%유기농 야채농장 ABC주스 190ml/32팩 /냉장주스,28900,http://gdimg.gmarket.co.kr/2300934203/still/600?ver=1638348556
3,[카누]카누 미니 마일드 120Tx2개 총240T: 33900원 쿠폰가~,37900,http://gdimg.gmarket.co.kr/447292392/still/600?ver=1631664112
3,[맥심]맥심 화이트골드 커피믹스 400T +법랑머그2P: 40900원,44900,http://gdimg.gmarket.co.kr/1101177736/still/600?ver=1649723116
4,한양식품  꽃보다오징어 오리지날 260g+260g,33900,http://gdimg.gmarket.co.kr/1833775346/still/600?ver=1649985031
4,[이쌀이다]    21년산 당진해나루 삼광 10kg,29930,http://gdimg.gmarket.co.kr/2400539419/still/600?ver=1650100025
4,[오뚜기]맛있는 오뚜기밥 210g x 24개입(1박스),22900,http://gdimg.gmarket.co.kr/989165626/still/600?ver=1539913482
4,[원할머니보쌈]원할머니 명품육개장 600g 10팩,32900,http://gdimg.gmarket.co.kr/1743775757/still/600?ver=1649894838
4,[마녀바스켓]통새우 멘보샤(20개입) +레몬딥핑소스증정/한정특가,11300,http://gdimg.gmarket.co.kr/2142169074/still/600?ver=1649723392
4,[한양식품]한양식품  꽃보다오징어 소프트 260g+260g,33900,http://gdimg.gmarket.co.kr/1994384707/still/600?ver=1649984966
4,[CJ고메]바삭쫄깃한 탕수육 450g 3봉,23680,http://gdimg.gmarket.co.kr/2078910947/still/600?ver=1647850909
4,[햇반]CJ 햇반 210g 36개 1박스,39900,http://gdimg.gmarket.co.kr/1651273917/still/600?ver=1636530507
4,[투게더]투게더 바닐라 2통+쿠앤크 2통,20900,http://gdimg.gmarket.co.kr/2108116442/still/600?ver=1649813074
4,[비비고]비비고 왕교자1.05kg 3개,27200,http://gdimg.gmarket.co.kr/1941744416/still/600?ver=1643265944
4,[의성마늘햄]의성마늘 프랑크 70gx30개,22900,http://gdimg.gmarket.co.kr/2295595510/still/600?ver=1637915070
4,[너트리] 꽃보다오징어 오리지날 260g 2개,33900,http://gdimg.gmarket.co.kr/2319262629/still/600?ver=1650098091
4,21년산 담양농협 대숲맑은담양쌀 10kg 당일도정,30600,http://gdimg.gmarket.co.kr/2415544571/still/600?ver=1649918979
4,구운계란 60구(30구x2판)소금증정/HACCP인증/훈제란,15500,http://gdimg.gmarket.co.kr/2203268129/still/600?ver=1649662904
4,빅마마 이혜정의 시크릿 코인 총 205개,52120,http://gdimg.gmarket.co.kr/2088243360/still/600?ver=1647932895
4,[제니베이커리]제니쿠키 홍콩 마약쿠키  2믹스 640g 당발/신상,37400,http://gdimg.gmarket.co.kr/2032000330/still/600?ver=1627293076
4,[풀무원]모짜렐라 핫도그80g 5입X4봉(총20개),23850,http://gdimg.gmarket.co.kr/1852153722/still/600?ver=1629419922
4,우정본가 정통 메밀소바 6인분 세트,10500,http://gdimg.gmarket.co.kr/2131537871/still/600?ver=1649722199
4,[Gfresh]훈제오리 슬라이스 800g+800g/바비큐/에어프라이/캠핑,18900,http://gdimg.gmarket.co.kr/2200464611/still/600?ver=1649662558
4,[옥주부]옥주부 제주돼지통까스(등심 8팩+치즈 2팩+소스 2종(10팩)+돈가스거치대),30510,http://gdimg.gmarket.co.kr/1753036354/still/600?ver=1636526316
4,[폰타나]즉석수프 60g x4각(12개),10900,http://gdimg.gmarket.co.kr/1894353565/still/600?ver=1649752261
4,[홍대미미네]미미네 오리지널 국물떡볶이 570g x 6봉,22900,http://gdimg.gmarket.co.kr/2240749182/still/600?ver=1649748223
4,[마니커]버팔로봉 1kg +1kg,22900,http://gdimg.gmarket.co.kr/755570380/still/600?ver=1623820892
4,[빠른배송]올반 찰핫도그 80g 30개,25700,http://gdimg.gmarket.co.kr/2366231218/still/600?ver=1649862781
4,[의성마늘햄]의성마늘 로스팜 200g 10개,19900,http://gdimg.gmarket.co.kr/1764382827/still/600?ver=1649033475
4,착한낙지 매콤~칼칼  착한낙지 135g x 6팩+비법소스 6팩,26900,http://gdimg.gmarket.co.kr/1840902644/still/600?ver=1649812270
4,[햇반]햇반 210g x24입,26010,http://gdimg.gmarket.co.kr/2328254013/still/600?ver=1648615529
4,CJ 비비고 사골곰탕 500g 18봉,22900,http://gdimg.gmarket.co.kr/2359253168/still/600?ver=1649756448
4,[한성기업]한성 해물경단 1kg X 2개,23660,http://gdimg.gmarket.co.kr/2321519754/still/600?ver=1649659781
4,[진라면]진라면 매운맛 40봉,22900,http://gdimg.gmarket.co.kr/1614191721/still/600?ver=1643854326
5,[신세계푸드]신세계푸드 고당도 블랙라벨 오렌지 5kg 대과,27900,http://gdimg.gmarket.co.kr/2059828827/still/600?ver=1615448557
5,성주 고당도 참외 중과 2kg 6-9과 /불만족 시 전액환불,18900,http://gdimg.gmarket.co.kr/2384598742/still/600?ver=1649896905
5,대저토마토 2.5kg 실속 (2S-2L) 랜덤발송/행사특가,13900,http://gdimg.gmarket.co.kr/2384519491/still/600?ver=1649917647
5,밀양 얼음골 사과  6kg(35-45과/소과),16900,http://gdimg.gmarket.co.kr/2398850288/still/600?ver=1648776183
5,만나몰 레드 자몽 중대과 8개(개당320g내외/플로리다),14900,http://gdimg.gmarket.co.kr/1961941341/still/600?ver=1649307993
5,[Gfresh]산과들에 간식 견과류 달고나아몬드18g x30봉,10500,http://gdimg.gmarket.co.kr/2151824932/still/600?ver=1647480744
5,12brix이상  퓨어스펙 블랙라벨 고당도 오렌지 20과 (중소과),20900,http://gdimg.gmarket.co.kr/2398624267/still/600?ver=1650036682
5,대한농산 스테비아 대추방울 토망고 500g+500g,13440,http://gdimg.gmarket.co.kr/1826410399/still/600?ver=1649825066
5,12brix이상 이온수 세척사과 2.5kg 소과/2개구매시 6kg,11900,http://gdimg.gmarket.co.kr/2319996030/still/600?ver=1649226213
5,[G]PSK 항공직송 태국 골드망고 대과 5kg(12-14개),45400,http://gdimg.gmarket.co.kr/2373610221/still/600?ver=1649925421
5,전북 더조은 당도높고 맛있는 사과 3kg (약 10-15과),10500,http://gdimg.gmarket.co.kr/2406569333/still/600?ver=1649213446
5,수창이네 마켓 초특가 행사 9kg 소과 (45-65) 가정용,17900,http://gdimg.gmarket.co.kr/2071189455/still/600?ver=1635309130
5,서래푸드 구운아몬드 1kg 15%쿠폰 햇 견과,13900,http://gdimg.gmarket.co.kr/1999684957/still/600?ver=1648188125
5,스테비아토마토 고당도 샤인 달콤 마토 500g+500g,15900,http://gdimg.gmarket.co.kr/2005144643/still/600?ver=1645357482
5,[너트리]볶음땅콩 3.75kg 알큰사이즈 햇 쿠폰증정,22900,http://gdimg.gmarket.co.kr/1278109016/still/600?ver=1623824932
5,당도선별 블랙라벨 오렌지 중소과 25과,16900,http://gdimg.gmarket.co.kr/2359300853/still/600?ver=1646021504
5,(행사상품)신선농장 참외1.2KG 봉 ,9990,http://gdimg.gmarket.co.kr/2387499840/still/600?ver=1650100738
5,10종 믹스너트 국민안주 믹스넛 1kg+1kg 견과 MD3,10000,http://gdimg.gmarket.co.kr/1538813893/still/600?ver=1625008409
5,성주참외 2.5kg내외 (크기랜덤)가정용,15900,http://gdimg.gmarket.co.kr/2034629367/still/600?ver=1649636602
5,포도 고당도 블랙사파이어800g/2세트 구매시 총2kg발송,13800,http://gdimg.gmarket.co.kr/1854693531/still/600?ver=1636433845
5,[썬키스트][고당도]썬키스트 블랙라벨 오렌지 6.4kg  40과 (20과x2박스  과당 160g내외),27900,http://gdimg.gmarket.co.kr/2372101790/still/600?ver=1649060913
5,성주꿀참외  3시간특가 4.5KG실중량 가정용랜덤,21900,http://gdimg.gmarket.co.kr/2034946198/still/600?ver=1619698895
5,[하루견과]하루견과시그니처오리지널50낱봉,31900,http://gdimg.gmarket.co.kr/2283290022/still/600?ver=1649893301
5,세이블 블랙포도 1kg x 2팩 (총2kg) 초고당도,20900,http://gdimg.gmarket.co.kr/2070068825/still/600?ver=1616395505
5,(깨비농원) 천혜향 4kg 가정용(크기랜덤),22900,http://gdimg.gmarket.co.kr/2382296408/still/600?ver=1646982588
5,산지직송 당도선별 가정용  성주참외 5kg 랜덤 실중량,27900,http://gdimg.gmarket.co.kr/2061782268/still/600?ver=1649038066
5,[Gfresh]퓨어스펙 고당도 오렌지 중소과 40과,29900,http://gdimg.gmarket.co.kr/2035619446/still/600?ver=1649636636
5,사과10kg..부사선물 사과10kg(50과이상)가정용,21900,http://gdimg.gmarket.co.kr/2317207163/still/600?ver=1640176568
5,(행사상품)HB 블랙라벨오렌지 미국산 _8-12입 봉  2.1KG내외 ,11990,http://gdimg.gmarket.co.kr/921271879/still/600?ver=1650100711
5,(행사상품)성주 한입참외1.2KG 봉 ,8990,http://gdimg.gmarket.co.kr/1273999051/still/600?ver=1650097201
6,국내산 다진마늘  1kg/냉장/쿠폰9770원,11500,http://gdimg.gmarket.co.kr/1404866393/still/600?ver=1541056391
6,청양 칠갑산 못난이 생표고버섯 2kg,16500,http://gdimg.gmarket.co.kr/2098171993/still/600?ver=1634861592
6,도곡팜 미니 파프리카 1.5kg (벌크),27000,http://gdimg.gmarket.co.kr/2317573516/still/600?ver=1640763178
6,생 명이나물 산마늘 1kg  /봄나물 장아찌 최대 15%쿠폰,21900,http://gdimg.gmarket.co.kr/1769558751/still/600?ver=1584358015
6,굿뜨래 다다기 오이 5kg(특)농협/굿뜨래,15900,http://gdimg.gmarket.co.kr/1784244577/still/600?ver=1648172501
6,해남 비세척 햇 꿀고구마 특상 5kg 베니하루카,14900,http://gdimg.gmarket.co.kr/2374789816/still/600?ver=1650011599
6,전북 상덕 무주 대학 못난이 옥수수 (20개),17000,http://gdimg.gmarket.co.kr/2400718470/still/600?ver=1648687634
6,고창 김민상님의 황토밭 꿀고구마 5kg 특상 /15980쿠폰,18800,http://gdimg.gmarket.co.kr/1668263057/still/600?ver=1649117509
6,꿀밤고구마 해남 꿀고구마 특상 5kg,18900,http://gdimg.gmarket.co.kr/2327620460/still/600?ver=1641445284
6,오아로 트리벨리 파프리카 1.2kg / 15%할인가 11820원,13900,http://gdimg.gmarket.co.kr/2230017775/still/600?ver=1649346834
6,더주 바로먹는 황금옥수수 더블(2개입)450g X 5팩,30800,http://gdimg.gmarket.co.kr/2317854562/still/600?ver=1640240658
6,(묶음할인) 국산 애호박 개 ,1490,http://gdimg.gmarket.co.kr/1273998983/still/600?ver=1650053042
6,친환경 유기농 모듬 쌈채소 1kg 당일수확 산지직송,12900,http://gdimg.gmarket.co.kr/1155403832/still/600?ver=1612856787
6,봄향기 가득한 자연산 야생 참(산)두릅 상 1kg,31900,http://gdimg.gmarket.co.kr/1317776180/still/600?ver=1617244028
6,(행사상품)대파 봉 ,2400,http://gdimg.gmarket.co.kr/1170875788/still/600?ver=1650100714
6,산지직송 보성 무농약 갈색 팽이버섯 4개입,7900,http://gdimg.gmarket.co.kr/2404345562/still/600?ver=1649903394
6,(묶음할인)청양고추150g 봉 ,1590,http://gdimg.gmarket.co.kr/720506808/still/600?ver=1650054241
6,햇무 국산 개,1790,http://gdimg.gmarket.co.kr/701535872/still/600?ver=1650054342
6,(행사상품)새벽양상추 통,1990,http://gdimg.gmarket.co.kr/701319680/still/600?ver=1650100099
6,(묶음할인)팽이버섯350 봉 ,1490,http://gdimg.gmarket.co.kr/701328942/still/600?ver=1650054335
6,참살이국산콩나물500G,2190,http://gdimg.gmarket.co.kr/701347779/still/600?ver=1650054578
6,(전단상품)감자_900G 봉 ,5390,http://gdimg.gmarket.co.kr/1163724977/still/600?ver=1650017020
6,양파_1.6KG 망 ,2990,http://gdimg.gmarket.co.kr/791051627/still/600?ver=1650093575
6,2021년 토글토글 무안 황토 꿀고구마 3kg 2박스 / 총6kg,20900,http://gdimg.gmarket.co.kr/2358982256/still/600?ver=1650102839
6,꿀밤고구마 왕(튀김용) 10kg  당도보장 2021꿀고구마,23900,http://gdimg.gmarket.co.kr/1676974669/still/600?ver=1609074367
6,[초이스엘]햇양파 (1.5KG),2990,http://gdimg.gmarket.co.kr/2152901465/still/600?ver=1650098964
6,(행사상품)산지그대로싱싱양배추 국산 통,2990,http://gdimg.gmarket.co.kr/707275990/still/600?ver=1650100096
6,알록달록 삶은 찰옥수수 30개 /냉동/대용량,16900,http://gdimg.gmarket.co.kr/2057513714/still/600?ver=1647250382
6,지금한끼컷팅양배추개,990,http://gdimg.gmarket.co.kr/701010066/still/600?ver=1650054518
6,친환경인증 유기농 모듬쌈채소1Kg특가 /쿠폰가 12670원,14900,http://gdimg.gmarket.co.kr/232558632/still/600?ver=1649290278
7,[동원에프앤비]동원 라이트 스탠다드 참치 150g 원터치 10개,17900,http://gdimg.gmarket.co.kr/1579104167/still/600?ver=1649308067
7,[스팸]스팸 클래식 200g x9개,24750,http://gdimg.gmarket.co.kr/1552234801/still/600?ver=1638246029
7,[스팸]스팸 클래식 340g x6+스팸 25%라이트 340g x2,30510,http://gdimg.gmarket.co.kr/2206621310/still/600?ver=1635468767
7,[리챔]동원 리챔 (햄/통조림) 200g x 10캔,18500,http://gdimg.gmarket.co.kr/1728110507/still/600?ver=1619077245
7,[스팸]스팸 25%라이트 200g x9개,24750,http://gdimg.gmarket.co.kr/1552323183/still/600?ver=1638241502
7,[스팸]스팸 25%라이트 340g x9개,34110,http://gdimg.gmarket.co.kr/1473201843/still/600?ver=1648428351
7,[동원에프앤비]동원 자연산골뱅이 300g x 5개+랜덤증정,23000,http://gdimg.gmarket.co.kr/1693455586/still/600?ver=1645063095
7,[사조해표]사조해표 올리브유 900mL 3개,21400,http://gdimg.gmarket.co.kr/2053552111/still/600?ver=1629443762
7,[리챔]리챔 오리지널 200g 10캔,17900,http://gdimg.gmarket.co.kr/1579165613/still/600?ver=1650001761
7,[샘표]샘표 양조간장701 1.7L+501 500ml 특별기획,12900,http://gdimg.gmarket.co.kr/1680974568/still/600?ver=1642047060
7,[밥상마루]광천김 밥상마루 참기름 350ML 1+1 2병,20900,http://gdimg.gmarket.co.kr/2009878418/still/600?ver=1650100108
7,포도씨유 5병(900ml 5),34900,http://gdimg.gmarket.co.kr/1918259904/still/600?ver=1649626361
7,사조 참치캔(100g) 16개 골라담기,21900,http://gdimg.gmarket.co.kr/2378274574/still/600?ver=1649937907
7,[씨름]씨름 화유 500ml + 씨름 파유 500ml 세트 SNS에서 핫한,16900,http://gdimg.gmarket.co.kr/2190305510/still/600?ver=1649895261
7,[동원참치]동원 라이트 스탠다드 참치 100g 15캔 원터치,21900,http://gdimg.gmarket.co.kr/1607527508/still/600?ver=1638855112
7,[동원참치]DHA 참치 150g 원터치 10개,16900,http://gdimg.gmarket.co.kr/1579106890/still/600?ver=1648096126
7,[샘표]양조간장 701 1.7L+501 500ml 특별기획,12900,http://gdimg.gmarket.co.kr/1810952702/still/600?ver=1650002065
7,[동원참치]고추참치 100g 15캔,21900,http://gdimg.gmarket.co.kr/1619233816/still/600?ver=1649119653
7,[동원에프앤비]DHA 참치 100g 원터치 15개,20900,http://gdimg.gmarket.co.kr/1579105558/still/600?ver=1647238739
7,[동원참치]고추참치 150g 15캔,26900,http://gdimg.gmarket.co.kr/1686018019/still/600?ver=1649317739
7,맛능 한알 육수 대용량 200g(50알 개별포장) (1+1),20400,http://gdimg.gmarket.co.kr/2407980655/still/600?ver=1649312550
7,[한국맥꾸룸]성명례 맥 청국장 4팩+맥 生 청국장 4팩,10900,http://gdimg.gmarket.co.kr/2359369749/still/600?ver=1649894398
7,[사조참치]참치3종세트(살코기100gx2+고추85gx5+마일드85gx5),14000,http://gdimg.gmarket.co.kr/1787957433/still/600?ver=1649823251
7,[해찬들]해찬들 태양초 골드고추장2kg 2개,23310,http://gdimg.gmarket.co.kr/1820759802/still/600?ver=1635468439
7,[샘표]샘표 맑은조선간장 930ml+930ml +지퍼백 증정,14900,http://gdimg.gmarket.co.kr/1713129889/still/600?ver=1620364758
7,[자연한알]300억/300만병돌파 동결건조 자연조미료 자연한알6병+휴대용1병+마늘한알2봉,59000,http://gdimg.gmarket.co.kr/2301969031/still/600?ver=1650103394
7,[사조해표]사조 카놀라유 900mL x 3개,12500,http://gdimg.gmarket.co.kr/2073630182/still/600?ver=1629443929
7,[해찬들]해찬들 우리쌀로만든 태양초 골드고추장 500G/ 4개,17910,http://gdimg.gmarket.co.kr/1820796246/still/600?ver=1629338601
7,[청정원]청정원 불고기/찜닭/갈비양념500g x 3개 골라담기,8900,http://gdimg.gmarket.co.kr/1791565406/still/600?ver=1649895322
7,[스팸]스팸 클래식 200g x8+스팸 25%라이트 200g x4,30510,http://gdimg.gmarket.co.kr/2206619262/still/600?ver=1629965791
8,[크리넥스]크리넥스3겹 데코소프트33MX24롤X2팩,33000,http://gdimg.gmarket.co.kr/2095685860/still/600?ver=1649895885
8,[샤프란]샤프란 AURA 섬유유연제 윌유메리미 5.5L,17900,http://gdimg.gmarket.co.kr/1526680274/still/600?ver=1636953812
8,[피죤]섬유유연제 피죤 3100ml 3+1개 퍼플+세탁망/10570원,13900,http://gdimg.gmarket.co.kr/1743135841/still/600?ver=1649922324
8,[시크릿데이](5팩 12900) BEST 밤새안심 꿀잠 입는오버나이트,16200,http://gdimg.gmarket.co.kr/1917671465/still/600?ver=1650009980
8,[베베앙]베베앙 아기물티슈  시그니처 대용량 100매 캡형 10팩,11900,http://gdimg.gmarket.co.kr/1604479096/still/600?ver=1634879040
8,[센스(물티슈)]물티슈 12900원 악어 캡형 100매 20팩 대용량,12900,http://gdimg.gmarket.co.kr/1490019603/still/600?ver=1647232877
8,[베베숲]프리미어 70매 캡 20팩,27500,http://gdimg.gmarket.co.kr/1157707109/still/600?ver=1649173490
8,비움 KF94 국산 오나미 한예슬 새부리형 마스크,17670,http://gdimg.gmarket.co.kr/2339711375/still/600?ver=1649906768
8,[모나리자]보타닉 블라썸 (27m30롤)X3개 화장지 휴지,27900,http://gdimg.gmarket.co.kr/2098226446/still/600?ver=1619401730
8,[릴리유]릴리유 퓨어퍼플 물티슈 캡72매X10팩(1BOX),17900,http://gdimg.gmarket.co.kr/1766184747/still/600?ver=1649722351
8,[다우니]다우니 생화향기 컬렉션 섬유유연제 프리지아 1L 3개 s,21500,http://gdimg.gmarket.co.kr/2399902568/still/600?ver=1649039239
8,수피랑 천연펄프 화장지 휴지 순수 3겹 30롤 2팩 +P,18900,http://gdimg.gmarket.co.kr/2073877815/still/600?ver=1650010630
8,[좋은느낌]좋은느낌 화이트 라네이처 생리대 릴레이특가/+증정,11000,http://gdimg.gmarket.co.kr/2378215769/still/600?ver=1649996864
8,[크리넥스]크리넥스3겹 순수소프트37MX24롤X2팩,40000,http://gdimg.gmarket.co.kr/2095688334/still/600?ver=1647478410
8,[아이러브베베]아이러브베베물티슈핑크100매캡형X20팩,13900,http://gdimg.gmarket.co.kr/1124083462/still/600?ver=1626770996
8,[아르떼(Arte)]아르떼 새부리형 마스크 KF94 100매 화이트 개별포장,26900,http://gdimg.gmarket.co.kr/1954465467/still/600?ver=1626238010
8,[아토세이프]혜택가13730원)귀찮아 습기제거제 520ml24개입/제습제,19900,http://gdimg.gmarket.co.kr/2133553741/still/600?ver=1623027919
8,[모던하우스]모던하우스 키즈 접시/물병/수저 외 주방 BEST,12860,http://gdimg.gmarket.co.kr/2219809614/still/600?ver=1649741084
8,[겔업]겔업 고농축 액체세제 2.5L x 4개 세탁세제 총10000ml,7900,http://gdimg.gmarket.co.kr/214340838/still/600?ver=1613962500
8,[베이비베이비]베이비베이비 아기물티슈 트윙클120매 20팩 캡형,14900,http://gdimg.gmarket.co.kr/1501667618/still/600?ver=1625018021
8,엑소(EXXO) A4 복사용지(A4용지) 80g 2BOX(5000매),31900,http://gdimg.gmarket.co.kr/1906381104/still/600?ver=1627279619
8,[유한양행]해피홈 초파리제로 스프레이 290ml 2개,11900,http://gdimg.gmarket.co.kr/2143516792/still/600?ver=1624004671
8,[깨끗한나라]깨끗한나라 순수시그니처 화장지 브라운 30m 30롤 2팩,28900,http://gdimg.gmarket.co.kr/2317863111/still/600?ver=1646287264
8,[다샵]아르떼 KF94 화이트 블랙 / 국산 컬러마스크 새부리형,28900,http://gdimg.gmarket.co.kr/1769157396/still/600?ver=1634606883
8,[모나리자]미용티슈 (250매3입)X4개 화장지 휴지,17900,http://gdimg.gmarket.co.kr/2073567354/still/600?ver=1616655381
8,[헬로]헬로 순수 3겹 천연펄프 화장지 30m 30롤 3팩 특가행사,31500,http://gdimg.gmarket.co.kr/1821519273/still/600?ver=1617087714
8,[다우니]다우니 엑스퍼트 실내 건조  리필 1.6L 3개,16720,http://gdimg.gmarket.co.kr/1818270758/still/600?ver=1630978211
8,[미래생활]순수PURE천연펄프 25m 30롤 x 3팩 휴지,26900,http://gdimg.gmarket.co.kr/1899274105/still/600?ver=1649031096
8,[아토세이프]매직싹 배수구뻥 배수구세정제 2L6개/배수구 청소세제,11900,http://gdimg.gmarket.co.kr/1650620954/still/600?ver=1648598037
8,[Aura]아우라 드라이시트 스윗만다린 120매 +10매,16900,http://gdimg.gmarket.co.kr/2336612978/still/600?ver=1647234173
9,[넘버엔]넘버엔 릴렉스 체어 프로 2개세트 / 캠핑 낚시 접이식 의자,58810,http://gdimg.gmarket.co.kr/1635567057/still/600?ver=1650005442
9,마추픽추 롱 릴렉스 체어 특대 2개 세트 캠핑의자 1+1,63900,http://gdimg.gmarket.co.kr/1267548326/still/600?ver=1636966512
9,[스탠리]스탠리 어드벤쳐 워터저그 7.5L(폴라블루) 캠핑템,39000,http://gdimg.gmarket.co.kr/2316980586/still/600?ver=1640156235
9,[로티캠프]원터치 그늘막 모비딕 팝업 텐트 6인용 캠핑 용품,75900,http://gdimg.gmarket.co.kr/958117867/still/600?ver=1648105372
9,[룸앤홈]키즈캠핑의자 5종 유아캠핑의자 어린이 접이식 캐릭터,19900,http://gdimg.gmarket.co.kr/974600131/still/600?ver=1598340845
9,편백찜기 3단 풀세트 편백나무찜기 인덕션가능 캠핑,99000,http://gdimg.gmarket.co.kr/2411995126/still/600?ver=1649660550
9,[패스트캠프]아이두젠 모빌리티 옥타곤 투어링 범퍼커버 풀패키지,499000,http://gdimg.gmarket.co.kr/2221025051/still/600?ver=1649899802
9,하이썬 부탄가스 1박스 28개입,31900,http://gdimg.gmarket.co.kr/2406852190/still/600?ver=1649834575
9,[코베아][코베아] 3way 올인원 구이바다 (캐리백 포함),118750,http://gdimg.gmarket.co.kr/2130852307/still/600?ver=1648833726
9,[카르닉]4단 높이조절 캠핑 접이식테이블 HCT-001(우드),32900,http://gdimg.gmarket.co.kr/1585506852/still/600?ver=1611301985
9,[로티캠프]접이식 캠핑 에코 로우 체어 의자 1+1 낚시 야외 용품,63900,http://gdimg.gmarket.co.kr/1462978609/still/600?ver=1644904136
9,손잡이 접이식 캠핑의자-대형 블랙 1+1,23310,http://gdimg.gmarket.co.kr/2223098743/still/600?ver=1648431621
9,[로티캠프]접이식 사다리 캠핑 선반 쉘프 워터저그 쿨러 받침대,31900,http://gdimg.gmarket.co.kr/2274892995/still/600?ver=1648617339
9,브라보 OV06 OV6 전동 에어매트 고속펌프 지아웃도어,67000,http://gdimg.gmarket.co.kr/2372048213/still/600?ver=1649137982
9,[꾸버스]태망 대 (90장) 석쇠 바베큐그릴 일회용석쇠 고기불판,52200,http://gdimg.gmarket.co.kr/1583897493/still/600?ver=1624349444
9,[카나모]특대형 폴딩 파라솔 야외 그늘막 비치 -(스틸/원형 3m),77500,http://gdimg.gmarket.co.kr/217111385/still/600?ver=1622019091
9,[빈슨메시프]시그니처 XXL 5T 8T 자충 캠핑 에어 매트,26900,http://gdimg.gmarket.co.kr/1808613842/still/600?ver=1612745048
9,대형 그늘막 천막 야외 원형 폴딩 파라솔 베이지,79500,http://gdimg.gmarket.co.kr/1561606679/still/600?ver=1587368309
9,[카나모]팔각 2층 파라솔 캠핑 대형 낚시 그늘막 - (특대형),25900,http://gdimg.gmarket.co.kr/807493829/still/600?ver=1620981122
9,[패스트캠프]원터치자동텐트 오토6 육각텐트,69900,http://gdimg.gmarket.co.kr/1470043734/still/600?ver=1610522657
9,[로티캠프]RCE 아이언 메쉬 접이식 캠핑 미니 테이블 600,24900,http://gdimg.gmarket.co.kr/2165764354/still/600?ver=1641911159
9,[패스트캠프]아이두젠 모빌리티 A2 차박텐트 차량용 도킹텐트,143300,http://gdimg.gmarket.co.kr/2380060957/still/600?ver=1649377372
9,[카나모]리클라이너 릴렉스체어 1인용 안락의자 침대의자 쇼파,39500,http://gdimg.gmarket.co.kr/553468699/still/600?ver=1635136930
9,[오엠티]OMT 캠핑랜턴 충전식 LED랜턴 OCP-L62 낚시 등산 렌턴,19900,http://gdimg.gmarket.co.kr/1647449635/still/600?ver=1612166755
9,프리폼 대형파라솔 사각파라솔 천막 그늘막 파라솔,75500,http://gdimg.gmarket.co.kr/1570044248/still/600?ver=1567068548
9,[코베아]코베아 캠프1호스버너(KGB-9703)/CAMP1/가스버너/버너,50000,http://gdimg.gmarket.co.kr/1820771568/still/600?ver=1611192432
9,[Commando]240x200 대형 코만도 와플 코팅방수 캠핑매트 돗자리,24800,http://gdimg.gmarket.co.kr/1748498794/still/600?ver=1627518729
9,LED 작업등 충전식 랜턴 후레쉬 손전등 34LED작업등,12900,http://gdimg.gmarket.co.kr/1476133482/still/600?ver=1610749946
9,[에밀리온]코지 침낭 동계 캠핑 차박 사계절 침낭 사은품 숙면3종,32900,http://gdimg.gmarket.co.kr/478057819/still/600?ver=1610335632
9,폴딩파라솔 전용물통 파라솔받침대 물통받침대,59000,http://gdimg.gmarket.co.kr/2102797694/still/600?ver=1619851089
